KeyID,Name,Latitude,Longitude,Elevation,Network,SubNetwork,Region
ab15,Alan Briggs,46.98139954,-67.43049622,158,atlantic,NBP,
ad32,Andre Daigle,47.11360168,-67.87529755,0,atlantic,NBP,
al17,Andre Long,47.26520157,-68.59980011,0,atlantic,NBP,
anfi,Anfield NB,46.9075,-67.4569,250,atlantic,MRNF-NB,
cmxc,Arundel F,45.967666626,-74.6160736084,184,quebec,FADQ,Laurentides
ba09,Bon Accord,46.65280151,-67.58029938,0,atlantic,NBP,
bayl,Bayles Lake,47.0817,-66.355,518,atlantic,MRNF-NB,
bb16,Bert Blaauw,47.11119843,-67.75800323,0,atlantic,NBP,
bigt,Big Tracadie,47.4114,-65.2664,73,atlantic,MRNF-NB,
bost,Boston Brook,47.4497,-67.6164,304,atlantic,MRNF-NB,
qfbr,Bristol,45.5303,-76.444233,90,quebec,FADQ,Outaouais
broc,Brockway,45.5733,-67.0983,91,atlantic,MRNF-NB,
bt24,Berend Tepper,47.01990128,-67.62599945,0,atlantic,NBP,
caah,Rivière Ashuanipi,53.2235,-66.2063,520,atlantic,HYDRO,
caaw,Shearwater RCS,44.62972,-63.51333,24,atlantic,EnvCan,
cabf,Burgeo,47.6167,-57.6167,10.6,atlantic,EnvCan,
cabr,Bedford Range (au7),44.75,-63.6667,9.6,atlantic,EnvCan,
cabt,Bouctouche,46.4303,-64.7681,35,atlantic,EnvCan,
cab2,Buctouche,46.4303,-64.7681,35,atlantic,EnvCan,
catb,Canterbury,45.894922,-67.461381,185,atlantic,EnvCan,
cacm,Cormack RCS,49.322,-57.3933,165.8,atlantic,EnvCan,
cacp,Baccaro Pt,43.4508,-65.4717,4.6,atlantic,EnvCan,
cacq,Miramichi,47.0094,-65.465,33,atlantic,EnvCan,
cadn,Doaktown RCS,46.5833,-66.0167,43,atlantic,EnvCan,
cads,St-Lawrence,46.9167,-55.3833,48.5,atlantic,EnvCan,
caei,Eskasoni First Nation (au8),45.9333,-60.65,28,atlantic,EnvCan,
cafc,Fredericton,45.9203,-66.6089,35.1,atlantic,EnvCan,
cafy,Parc Fundy (Alma),45.6,-64.95,42.7,atlantic,EnvCan,
cahr,Harrington,46.3436,-63.1697,53,atlantic,EnvCan,
cahw,Halifax Windsor Park (au7),44.65,-63.6167,51,atlantic,EnvCan,
cajt,Stephenville RCS,48.5614,-58.5661,58,atlantic,EnvCan,
cajw,St John's West Climate Cs,47.5134,-52.7833,110,atlantic,EnvCan,
cakc,Kouchibouguac,46.7696,-65.0066,34,atlantic,EnvCan,
cake,Kepimits,52.6527,-64.8383,540,atlantic,HYDRO,
qfcl,Calixa-Lavallée,45.729595,-73.254149,84,quebec,FADQ,Montérégie Est
camk,Michikimats,54.5637,-64.1193,520,atlantic,HYDRO,
camn,Metchin,53.4394,-63.2592,335,atlantic,HYDRO,
camr,Millertown RCS,48.8167,-56.5333,203.6,atlantic,EnvCan,
cams,Mechanic Settlement,45.6936,-65.165,403,atlantic,EnvCan,
caoh,Upper Stewiacke RCS,45.2331,-63.0553,23.5,atlantic,EnvCan,
capr,Parrsboro RCS,45.4133,-64.3469,30.9,atlantic,EnvCan,
caqy,Sydney CS,46.1633,-60.0417,62.5,atlantic,EnvCan,
carp,Red Pines (au8),47.4333,-65.5833,124,atlantic,EnvCan,
casf,Sussex - Four Corners,45.733333,-65.533333,56,atlantic,EnvCan,
casi,Simms,53.7768,-65.8163,490,atlantic,HYDRO,
cava,Bonavista,48.6672,-53.1142,25.6,atlantic,EnvCan,
cavw,Oak Point,45.509056,-66.100081,12,atlantic,SM,
cawf,Port Williams,45.114226,-64.406273,32,atlantic,SM,
cawr,Wreckhouse RCS,47.7117,-59.3083,31.7,atlantic,EnvCan,
ceqi,Yarmouth RCS,43.8308,-66.0881,36,atlantic,EnvCan,
cerm,Edmunston,47.4167,-68.3245,154.2,atlantic,EnvCan,
ceuw,Baltic,46.517266,-63.648411,28,atlantic,SM,
cewd,Woodstock-Newbridge,46.15,-67.5333,154,atlantic,EnvCan,
cgbc,Baie-Comeau RCS,49.135,-68.2024,21,quebec,EnvCan,Côte-Nord
cgmg,Matagami,49.7578,-77.7931,279,quebec,EnvCan,Nord-du-Québec
cgrq,Trois-Rivières A,46.3667,-72.6833,62,quebec,EnvCan,Mauricie
cgvo,Val-d'Or RCS,48.0565,-77.7866,339,quebec,EnvCan,Abitibi-Témiscamingue
clea,Clearwater,46.715,-66.8282,410,atlantic,MRNF-NB,
cmai,Saint-Aimé-des-Lacs,47.6867,-70.302,205,quebec,SOPFEU,Capitale-Nationale
cmba,Barrière - Barrage amont,47.4989,-76.7306,323,quebec,HYDRO,Abitibi-Témiscamingue
cmdw,Réservoir Dozois,47.4475,-77.0762,360,quebec,HYDRO,Abitibi-Témiscamingue
cmfy,Lac Gabrielle,46.4575,-76.1976,280,quebec,HYDRO,Outaouais
cmfz,Lac de la Roche,47.154722,-75.1975,390,quebec,HYDRO,Laurentides
cmgb,Granby,45.3728,-72.7739,90,quebec,EnvCan,Montérégie Est
cmgx,Gaspé,48.9152,-64.9562,502,quebec,SOPFEU,Gaspésie-Iles-de-la-Madeleine
cmik,Lac Cutaway,47.2433,-72.9686,265,quebec,HYDRO,Mauricie
cmir,Grand Lac Victoria Hydrométéo,47.7228,-77.4048,330,quebec,HYDRO,Abitibi-Témiscamingue
cmji,Mont-Joli,48.60442,-68.19463,55,quebec,EnvCan,Bas-Saint-Laurent
cyyy,Mont-Joli A,48.6089,-68.2075,52.4,quebec,EnvCan,Bas-Saint-Laurent
cmkb,Rivière de la Corneille,46.7502,-76.9319,328,quebec,MFFP,Outaouais
cmkd,Laval,45.687852,-73.607031,6,quebec,FADQ,Laval
cmkf,Saint-Félix-de-Kingsey,45.82885,-72.205533,160,quebec,FADQ,Centre-du-Québec
cmkg,Réservoir Baskatong,46.718,-75.9868,338,quebec,HYDRO,Outaouais
cmkh,Saint-Coeur-de-Marie,48.67355,-71.719833,137,quebec,FADQ,Saguenay-Lac-Saint-Jean
cmki,Kipawa,47.1564,-78.9339,324,quebec,SOPFEU,Abitibi-Témiscamingue
cmku,Saint-Bernard,46.49744,-71.18587,164,quebec,FADQ,Chaudière-Appalaches
cmmf,Farnham F,45.303064,-72.982734,64,quebec,FADQ,Montérégie Est
cmmw,Matawin Barrage amont,46.8618,-73.6591,369,quebec,HYDRO,Lanaudière
cmmy,Saint-Michel-des-Saints,46.8156,-74.094,390,quebec,EnvCan,Lanaudière
cmnb,Saint-Liboire,45.65175,-72.801717,66,quebec,FADQ,Montérégie Est
cmnh,Saint-Herménégilde,45.0962,-71.714467,453,quebec,FADQ,Estrie
cmnj,La Visitation,46.120934,-72.646442,39,quebec,FADQ,Centre-du-Québec
cmnp,Saint-Bernard-de-Michaudville,45.851751,-73.116793,21,quebec,FADQ,Montérégie Est
cmnw,Saint-Ulric-de-Matane,48.758038,-67.743268,87,quebec,FADQ,Bas-Saint-Laurent
cmnx,Saint-Léon-le-Grand,48.355643,-67.550829,264,quebec,FADQ,Bas-Saint-Laurent
cmoe,Saint-Pierre-de-la-Rivière-du-Sud,46.935,-70.635867,36,quebec,FADQ,Chaudière-Appalaches
cmof,Honfleur,46.67323,-70.87324,100,quebec,FADQ,Chaudière-Appalaches
cmoj,Armagh,46.70573,-70.58296,317,quebec,FADQ,Chaudière-Appalaches
cmok,Saint-Camille-de-Lellis,46.494617,-70.203367,452,quebec,FADQ,Chaudière-Appalaches
cmov,Saint-Marcel,46.8873,-70.072417,436,quebec,FADQ,Chaudière-Appalaches
cmow,Saint-Aubert,47.175633,-70.261433,47,quebec,FADQ,Chaudière-Appalaches
cmoz,Kamouraska,47.558332,-69.837499,20,quebec,FADQ,Bas-Saint-Laurent
cmpf,Sainte-Cécile-de-Whitton,45.632633,-70.922783,479,quebec,FADQ,Estrie
cmph,Courcelles,45.86175,-70.943567,390,quebec,FADQ,Estrie
cmpp,Réservoir Pipmuacan,49.3597,-70.9152,537,quebec,HYDRO,Saguenay-Lac-Saint-Jean
cmpq,Saint-Martin,45.914317,-70.595633,345,quebec,FADQ,Chaudière-Appalaches
cmpt,Saint-Rémi,45.294436,-73.59288,53,quebec,FADQ,Montérégie Ouest
cmqc,Lawrenceville,45.436333,-72.3514,213,quebec,FADQ,Estrie
cmqe,Stanstead,45.099017,-72.016533,314,quebec,FADQ,Estrie
cmqf,Melbourne,45.589228,-72.092388,259,quebec,FADQ,Estrie
cmqh,Saint-Georges-de-Windsor,45.659017,-71.786183,280,quebec,FADQ,Estrie
cmqz,Newport,45.395617,-71.489733,365,quebec,FADQ,Estrie
cmre,Rivière aux Eaux Mortes,47.0974,-72.496,301,quebec,HYDRO,Mauricie
cmrs,Rapide Sept,47.7974,-78.2963,336,quebec,HYDRO,Abitibi-Témiscamingue
cmrw,Rivière Windigo,47.9159,-73.3696,306,quebec,HYDRO,Mauricie
cmsi,Saint-Germain-de-Grantham,45.8253,-72.537,85,quebec,EnvCan,Centre-du-Québec
cmsw,Saint-Hilarion F,47.596407,-70.40716,408,quebec,FADQ,Capitale-Nationale
cmsz,Baie-Saint-Paul,47.460671,-70.501152,26,quebec,FADQ,Capitale-Nationale
cmta,Saint-Eugène-d'Argentenay,48.970167,-72.268317,143,quebec,FADQ,Saguenay-Lac-Saint-Jean
cmtg,Saint-Prime,48.617183,-72.410417,111,quebec,FADQ,Saguenay-Lac-Saint-Jean
cmth,Thetford Mines,46.0492,-71.2662,430,quebec,EnvCan,Chaudière-Appalaches
cmtk,Hébertville,48.4172,-71.73565,155,quebec,FADQ,Saguenay-Lac-Saint-Jean
cmtl,Saint-Ambroise F,48.571383,-71.3375,116,quebec,FADQ,Saguenay-Lac-Saint-Jean
cmts,Pépinière Trécesson,48.5752,-78.2553,349,quebec,SM,Abitibi-Témiscamingue
cmtt,Saguenay,48.3763,-71.172933,165,quebec,FADQ,Saguenay-Lac-Saint-Jean
cmty,Chambord,48.44345,-72.096383,113,quebec,FADQ,Saguenay-Lac-Saint-Jean
cmtz,Sacré-Coeur,48.224017,-69.79665,116,quebec,FADQ,Côte-Nord
cmua,Barraute,48.475142,-77.655068,313,quebec,FADQ,Abitibi-Témiscamingue
cmub,Palmarolle,48.664111,-79.164602,273,quebec,FADQ,Abitibi-Témiscamingue
cmud,Duhamel,47.332643,-79.348314,228,quebec,FADQ,Abitibi-Témiscamingue
cmuf,Frampton,46.4764,-70.7652,415,quebec,FADQ,Chaudière-Appalaches
cmug,Guerin,47.650182,-79.32064,284,quebec,FADQ,Abitibi-Témiscamingue
cmuh,Latulipe,47.53987,-78.95276,284,quebec,FADQ,Abitibi-Témiscamingue
cmuj,La Reine,48.859444,-79.361944,290,quebec,FADQ,Abitibi-Témiscamingue
cmum,L'Étang-du-Nord,47.362699,-61.924451,20,quebec,FADQ,Gaspésie-Iles-de-la-Madeleine
cmun,Saint-Éloi,48.059259,-69.281195,33,quebec,FADQ,Bas-Saint-Laurent
cmup,Saint-Marc-de-Figuery,48.417791,-78.017772,312,quebec,FADQ,Abitibi-Témiscamingue
cmuq,Privat,48.66,-78.715278,308,quebec,FADQ,Abitibi-Témiscamingue
cmuu,Saint-Louis-de-Blandford,46.236,-72.078,91,quebec,FADQ,Centre-du-Québec
cmuv,Sainte-Clotilde-de-Horton,45.98715,-72.25727,89,quebec,FADQ,Centre-du-Québec
cmuw,Saint-David,45.95748,-72.860501,29,quebec,FADQ,Montérégie Est
cmuz,Saint-Fabien,48.284832,-68.8412,144,quebec,FADQ,Bas-Saint-Laurent
cmvb,Stratford,45.7856,-71.3242,274,quebec,FADQ,Estrie
cmvd,Saint-Joseph-de-Lepage,48.584167,-68.117222,74,quebec,FADQ,Bas-Saint-Laurent
cmvf,Compton,45.259947,-71.833729,245,pommes,SM,Estrie
cmvh,Deschambault SM,46.676783,-71.924858,22,quebec,SM,Capitale-Nationale
cmvj,Dunham,45.096216,-72.813383,217,pommes,SM,Montérégie Est
cmvk,Franklin,45.033903,-73.898857,171,pommes,SM,Montérégie Ouest
cmvs,Garagona,45.064817,-72.841153,153,pommes,SM,Montérégie Est
cmvt,Hemmingford,45.047058,-73.609814,67,pommes,SM,Montérégie Ouest
cmvu,Henryville,45.132856,-73.218749,39,pommes,SM,Montérégie Ouest
cmvv,Lanoraie,46.008755,-73.214689,17,quebec,SM,Lanaudière
cmvw,Saint-Édouard-de-Lotbinière,46.5708,-71.841583,67,quebec,FADQ,Chaudière-Appalaches
cmvz,Oka,45.516214,-74.086885,93,pommes,SM,Laurentides
cmwb,Sainte-Famille IO,46.971573,-70.956563,95,pommes,SM,Capitale-Nationale
cmwf,Inverness,46.339767,-71.551717,164,quebec,FADQ,Centre-du-Québec
cmwq,Rougemont,45.449921,-73.067298,79,pommes,SM,Montérégie Est
cmwr,Saint-Antoine-de-Tilly,46.674617,-71.531112,66,pommes,SM,Chaudière-Appalaches
cmwv,Saint-Bruno-de-Montarville,45.541378,-73.340258,58,pommes,SM,Montérégie Est
cmww,Sainte-Cécile-de-Milton,45.480298,-72.744892,121,pommes,SM,Montérégie Est
cmwx,Saint-Grégoire,45.348321,-73.156437,49,pommes,SM,Montérégie Ouest
cmwy,Saint-Hilaire,45.532873,-73.160893,96,pommes,SM,Montérégie Est
cmwz,Saint-Joseph-du-Lac,45.543389,-74.022502,93,pommes,SM,Laurentides
cmxb,Saint-Laurent,46.872021,-70.992406,34,pommes,SM,Capitale-Nationale
cmxd,Saint-Paul-d'Abbotsford,45.449529,-72.887286,99,pommes,SM,Montérégie Est
cmxg,Victoriaville,46.036756,-71.918919,149,quebec,SM,Centre-du-Québec
cmxh,Saint-Cléophas,46.244469,-73.386227,152,quebec,FADQ,Lanaudière
cmxl,Maskinongé,46.201317,-73.041117,29,quebec,FADQ,Mauricie
cmxr,Saint-Barnabé,46.407717,-72.853883,81,quebec,FADQ,Mauricie
cmxu,Sainte-Geneviève-de-Batiscan,46.509192,-72.384334,31,quebec,FADQ,Mauricie
cmxv,Saint-Tite,46.69732,-72.541711,144,quebec,FADQ,Mauricie
cmxy,Saint-Léonard-de-Portneuf,46.8854,-71.910267,154,quebec,FADQ,Capitale-Nationale
cmyb,Témiscouata-sur-le-Lac,47.586948,-68.783112,304,quebec,FADQ,Bas-Saint-Laurent
cmyc,Saint-Jean-de-Dieu,47.937529,-69.043123,261,quebec,FADQ,Bas-Saint-Laurent
cmyd,Rimouski,48.418033,-68.531917,108,quebec,FADQ,Bas-Saint-Laurent
cmyg,Saint-Gabriel-de-Rimouski,48.416883,-68.115567,336,quebec,FADQ,Bas-Saint-Laurent
cmyh,Sayabec,48.564383,-67.701467,178,quebec,FADQ,Bas-Saint-Laurent
cmyi,Saint-Alexis-de-Matapédia,47.987233,-67.078783,298,quebec,FADQ,Gaspésie-Iles-de-la-Madeleine
cmym,Matane,48.786117,-67.456867,271,quebec,FADQ,Bas-Saint-Laurent
cmyp,Cap-Chat-Est,49.1001,-66.61875,34,quebec,FADQ,Gaspésie-Iles-de-la-Madeleine
cmyw,New-Richmond,48.188883,-65.832217,46,quebec,FADQ,Gaspésie-Iles-de-la-Madeleine
cmyx,Percé,48.458617,-64.3529,127,quebec,FADQ,Gaspésie-Iles-de-la-Madeleine
cmza,Rivière-Rouge,46.477267,-74.930233,271,quebec,FADQ,Laurentides
cmzc,Mont Laurier F,46.52355,-75.490133,221,quebec,FADQ,Laurentides
cmzd,Lac-Sainte-Marie,45.978233,-76.025533,113,quebec,FADQ,Outaouais
cmzf,Val-des-Monts,45.79285,-75.675117,176,quebec,FADQ,Outaouais
cmzg,Litchfield,45.804083,-76.668683,117,quebec,FADQ,Outaouais
cmzi,Clarendon,45.632659,-76.535204,169,quebec,FADQ,Outaouais
cmzk,Pontiac,45.550233,-76.126167,80,quebec,FADQ,Outaouais
cmzl,Masson,45.56245,-75.347267,48,quebec,FADQ,Outaouais
cmzm,Saint-André-Avellin,45.75505,-75.038483,176,quebec,FADQ,Outaouais
cmzn,Ferme-Neuve,46.716617,-75.404633,233,quebec,FADQ,Laurentides
cmzo,Brownsburg-Chatham,45.66715,-74.471417,104,quebec,FADQ,Laurentides
cmzq,Mirabel F,45.606083,-74.136783,45,quebec,FADQ,Laurentides
cmzs,Egan-Sud,46.523067,-75.946717,176,quebec,FADQ,Outaouais
cmzt,Saint-Polycarpe F,45.342283,-74.34045,63,quebec,FADQ,Montérégie Ouest
cmzu,Sainte-Anne-des-Plaines,45.7669,-73.849117,59,quebec,FADQ,Laurentides
cmzw,Saint-Jacques,45.956533,-73.556567,59,quebec,FADQ,Lanaudière
cmzy,Ormstown F,45.14705,-74.028867,49,quebec,FADQ,Montérégie Ouest
coun,County Line,46.1317,-67.305,199,atlantic,MRNF-NB,
cp38,CP38,46.97416687,-67.6286087,0,atlantic,NBP,
cqbf,Boffin,46.9544,-71.6075,200,quebec,SOPFEU,Capitale-Nationale
cqbt,Berthelot,48.4761,-76.2561,400,quebec,SOPFEU,Abitibi-Témiscamingue
cqbw,Baldwin,48.5622,-66.1056,620,quebec,MFFP,Bas-Saint-Laurent
cqcd,Chute du Diable,48.75,-71.7,174,quebec,ALCAN,Saguenay-Lac-Saint-Jean
cqcu,Capitachouane,47.8272,-76.5972,365,quebec,SOPFEU,Abitibi-Témiscamingue
cqdf,Dunford,47.0244,-71.6047,404,quebec,SOPFEU,Capitale-Nationale
cqdm,Dumoine,47.1142,-78.2222,340,quebec,MFFP,Abitibi-Témiscamingue
cqdn,Dunière,48.7081,-66.7775,460,quebec,MFFP,Bas-Saint-Laurent
cqdo,Domaine,47.0253,-76.5306,368,quebec,SOPFEU,Outaouais
cqdu,Duchénier,48.115,-68.5928,340,quebec,MFFP,Bas-Saint-Laurent
cqeo,Escoumins,48.543,-69.4421,650,quebec,SOPFEU,Côte-Nord
cqes,Estcourt,47.5558,-69.1281,270,quebec,MFFP,Bas-Saint-Laurent
cqfm,Forêt Montmorency,47.3226,-71.1483,672,quebec,EnvCan,Capitale-Nationale
cqga,Galifet,47.2572,-73.7381,426,quebec,SOPFEU,Mauricie
cqgo,Gouin,48.8847,-74.2283,488,quebec,SOPFEU,Saguenay-Lac-Saint-Jean
cqha,Harricana,48.8992,-78.1586,300,quebec,SOPFEU,Abitibi-Témiscamingue
cqjr,Jérémie,50.0533,-78.7786,260,quebec,SOPFEU,Nord-du-Québec
cqla,La Pêche,45.6222,-76.0192,200,quebec,MFFP,Outaouais
cqlm,Laflamme,48.9203,-70.2517,594,quebec,SOPFEU,Saguenay-Lac-Saint-Jean
cqlp,Lac Panache,48.1375,-72.6331,435,quebec,SOPFEU,Saguenay-Lac-Saint-Jean
cqmb,Mistassibi 2,49.3731,-71.9408,183,quebec,ALCAN,Saguenay-Lac-Saint-Jean
cqmi,Mistassini,49.3327,-72.6308,320,quebec,SOPFEU,Saguenay-Lac-Saint-Jean
cqmk,Montagnais,47.8958,-71.8883,497,quebec,ALCAN,Capitale-Nationale
cqmo,Montmagny,46.9817,-70.3269,340,quebec,MFFP,Chaudière-Appalaches
cqmt,Mistaouac,49.4456,-78.8669,312,quebec,SOPFEU,Nord-du-Québec
cqob,Observation,48.5686,-65.2025,520,quebec,MFFP,Gaspésie-Iles-de-la-Madeleine
cqpa,Papineau Labelle,46.2164,-75.1967,260,quebec,MFFP,Laurentides
cqpm,Pépinière St-Modeste,47.8361,-69.39,170,quebec,MFFP,Bas-Saint-Laurent
cqro,Rouge-Matawin,46.6581,-74.5128,520,quebec,MFFP,Laurentides
cqsl,Saint-Michel,46.6825,-73.9137,375,quebec,SOPFEU,Lanaudière
cqst,Saint-Maurice,46.9572,-73.0056,370,quebec,MFFP,Mauricie
cque,Quévillon,49.0361,-77.0217,293,quebec,SOPFEU,Nord-du-Québec
cqwe,Weymont,47.8497,-73.8119,375,quebec,SOPFEU,Mauricie
cqwg,Wageguma,48.4883,-73.4594,594,quebec,SOPFEU,Saguenay-Lac-Saint-Jean
cqyc,Coulonge,46.085,-76.5514,250,quebec,MFFP,Outaouais
crow,Crowe Brook,45.575,-65.3233,292,atlantic,MRNF-NB,
cs35,Carl Stephenson,46.41460037,-67.62020111,0,atlantic,NBP,
cumb,Cumberland Bay,45.995,-65.9083,59,atlantic,MRNF-NB,
cwag,La Scie,49.9167,-55.6667,194,atlantic,EnvCan,
cwar,Argentia,47.2939,-53.9933,19,atlantic,EnvCan,
cwba,Barrage Témiscamingue,46.7092,-79.1011,180,quebec,EnvCan,Abitibi-Témiscamingue
cwbk,Caribou Point,45.7667,-62.6833,2.4,atlantic,EnvCan,
cwbv,Beaver Island,44.8167,-62.3333,16,atlantic,EnvCan,
cwbz,Saint-Anicet,45.1161,-74.2831,48,quebec,EnvCan,Montérégie Ouest
cwda,Englee,50.7211,-56.1128,30.3,atlantic,EnvCan,
cwdh,Daniels Harbor,50.2364,-57.5811,19,atlantic,EnvCan,
cwdi,Badger,48.9667,-56.0667,102.7,atlantic,EnvCan,
cwdo,Twillingate,49.6833,-54.8,92.3,atlantic,EnvCan,
cwdq,La Tuque,47.4111,-72.7872,167,quebec,EnvCan,Mauricie
cwdw,St-Anthony,51.3833,-56.1,29.3,atlantic,EnvCan,
cwee,Chamouchouane,49.2786,-73.3556,305,quebec,ALCAN,Saguenay-Lac-Saint-Jean
cwef,St-Paul Island Ns,47.2328,-60.1444,27,atlantic,EnvCan,
cwep,East Point,46.46,-61.9883,6,atlantic,EnvCan,
cwew,L'Assomption,45.8161,-73.4331,20,quebec,EnvCan,Lanaudière
cwfq,Frelighsburg,45.05,-72.8331,151,quebec,EnvCan,Montérégie Est
cwfw,Baie-Comeau,49.2592,-68.145,128,quebec,EnvCan,Côte-Nord
cwgr,Îles-de-la-Madeleine,47.4161,-61.7831,7,quebec,EnvCan,Gaspésie-Iles-de-la-Madeleine
cwhm,Varennes,45.7161,-73.3831,20,quebec,EnvCan,Montérégie Est
cwho,Hopedale (aut),55.45,-60.2167,11.9,atlantic,EnvCan,
cwhq,Deschambault,46.69,-71.9711,61,quebec,EnvCan,Capitale-Nationale
cwhv,Beauceville,46.2,-70.7831,228,quebec,EnvCan,Chaudière-Appalaches
cwis,Charlevoix,47.2842,-70.6372,717,quebec,EnvCan,Capitale-Nationale
cwit,Sainte-Clotilde,45.1661,-73.6831,52,quebec,EnvCan,Montérégie Ouest
cwix,Mistook,48.6,-71.7167,112,quebec,ALCAN,Saguenay-Lac-Saint-Jean
cwiy,Saint-Léonard,47.15,-67.8333,245,atlantic,EnvCan,
cwiz,L'Acadie,45.3,-73.35,44,quebec,EnvCan,Montérégie Ouest
cwjb,Sainte-Foy,46.7803,-71.2875,91,quebec,EnvCan,Capitale-Nationale
cwjo,Jonquière,48.425,-71.1425,135,quebec,EnvCan,Saguenay-Lac-Saint-Jean
cwjt,Saint-Jovite,46.08,-74.555,238,quebec,EnvCan,Laurentides
cwkb,Corner Brook,48.9333,-57.9167,151.8,atlantic,EnvCan,
cwkg,Kejimkujik,44.4322,-65.2031,125,atlantic,EnvCan,
cwmi,Miscou Island,48.0167,-64.5,4,atlantic,EnvCan,
cwmj,Maniwaki,46.2742,-75.9922,199,quebec,EnvCan,Outaouais
cwne,North Cape,47.0581,-63.9986,8,atlantic,EnvCan,
cwnh,Rivière-du-Loup,47.805,-69.5481,146,quebec,EnvCan,Bas-Saint-Laurent
cwnq,Nicolet,46.2161,-72.65,7,quebec,EnvCan,Centre-du-Québec
cwns,North East Margaree,46.3667,-60.9833,54,atlantic,EnvCan,
cwoc,New-Carlisle,48.0122,-65.3311,46,quebec,EnvCan,Gaspésie-Iles-de-la-Madeleine
cwod,Normandin,48.8411,-72.5461,136,quebec,EnvCan,Saguenay-Lac-Saint-Jean
cwpe,Point Lepreau CS,45.0731,-66.4492,6,atlantic,EnvCan,
cwqb,Québec,46.8036,-71.3817,60,quebec,EnvCan,Capitale-Nationale
cwqh,Lennoxville,45.3681,-71.8231,180,quebec,EnvCan,Estrie
cwra,Cape Race,46.66,-53.0764,26.5,atlantic,EnvCan,
cwrn,Hart Island,45.35,-60.9833,8.2,atlantic,EnvCan,
cwrz,Cap D'Espoir,48.4192,-64.3172,15,quebec,EnvCan,Gaspésie-Iles-de-la-Madeleine
cwsd,Summerside,46.4411,-63.8381,13,atlantic,EnvCan,
cwsf,Cap-Madeleine,49.25,-65.3172,28,quebec,EnvCan,Gaspésie-Iles-de-la-Madeleine
cwsg,Cap-Chat,49.1092,-66.6542,4,quebec,EnvCan,Gaspésie-Iles-de-la-Madeleine
cwss,St-Stephen,45.2167,-67.25,26.1,atlantic,EnvCan,
cwst,La Pocatière,47.355,-70.0311,30,quebec,EnvCan,Bas-Saint-Laurent
cwta,Mctavish,45.505,-73.5792,72,quebec,EnvCan,Montréal
cwtn,Cap-Tourmente,47.0781,-70.78,5,quebec,EnvCan,Capitale-Nationale
cwtq,Montréal Intl,45.4678,-73.7417,31,quebec,EnvCan,Montréal
cwty,Trois-Rivières,46.3531,-72.5161,5,quebec,EnvCan,Mauricie
cwux,La Baie,48.2978,-70.9192,135,quebec,EnvCan,Saguenay-Lac-Saint-Jean
cwuy,Rouyn,48.2461,-79.0342,317,quebec,EnvCan,Abitibi-Témiscamingue
cwvq,Sainte-Anne-de-Bellevue,45.4272,-73.9292,38,quebec,EnvCan,Montréal
cwvu,Brier Island,44.2858,-66.3467,15.8,atlantic,EnvCan,
cwvw,Grates Cove,48.1719,-52.9392,46.2,atlantic,EnvCan,
cwvy,Lemieux,46.3222,-72.0561,97,quebec,EnvCan,Centre-du-Québec
cwwe,Western Head,43.99,-64.6642,10.1,atlantic,EnvCan,
cwxc,Onatchiway,48.8942,-71.0317,303,quebec,EnvCan,Saguenay-Lac-Saint-Jean
cwxi,Ferolle Point,51.0167,-57.1,5.8,atlantic,EnvCan,
cwxs,Bas Caraquet,47.8,-64.8333,5,atlantic,EnvCan,
cwyi,Pools Island,49.1122,-53.5811,19.3,atlantic,EnvCan,
cwyq,Pointe-Au-Père,48.5142,-68.4681,4,quebec,EnvCan,Bas-Saint-Laurent
cwzb,Port Aux Basques,47.5739,-59.1547,39.7,atlantic,EnvCan,
cwzf,Fredericton Aquatic Centre,45.9642,-66.6547,8.3,atlantic,EnvCan,
cwzn,Sagona Island,47.3678,-55.7947,59.7,atlantic,EnvCan,
cwzq,Grand Etang,46.55,-61.05,12.8,atlantic,EnvCan,
cwzs,Amqui,48.4722,-67.4342,165,quebec,EnvCan,Bas-Saint-Laurent
cxbo,Beauport,46.8372,-71.1972,10,quebec,EnvCan,Capitale-Nationale
cxch,Chéticamp,46.645,-60.9472,43.9,atlantic,EnvCan,
cxgd,Gander Airport CS,48.9444,-54.5764,151,atlantic,EnvCan,
cxgm,Grand Manan SAR CS,44.7121,-66.8019,78.2,atlantic,EnvCan,
cxhf,High Falls,45.8394,-75.6482,195,quebec,EnvCan,Outaouais
cxib,Ingonish Beach CS,46.6667,-60.4,10,atlantic,EnvCan,
cxkt,Kentville CDA CS,45.0667,-64.4833,48.7,atlantic,EnvCan,
cxlb,Lunenburg,44.36,-64.2961,3.8,atlantic,EnvCan,
cxlt,Laterrière,48.3072,-71.1292,162,quebec,ALCAN,Saguenay-Lac-Saint-Jean
cxmi,Mcnabs Island,44.6,-63.5333,15.4,atlantic,EnvCan,
cxmp,Maple Plains,46.3028,-63.5756,45,atlantic,EnvCan,
cxmy,Malay Falls,44.9833,-62.4833,39.6,atlantic,EnvCan,
cxnm,North Mountain,46.8169,-60.6722,439.4,atlantic,EnvCan,
cxnp,Nappan,45.7596,-64.2414,19.8,atlantic,EnvCan,
cxrh,Rocky Harbor,49.57,-57.8778,67.7,atlantic,EnvCan,
cxsh,Shawinigan,46.5631,-72.7331,110,quebec,EnvCan,Mauricie
cxtd,Tracadie,45.6084,-61.6797,66.7,atlantic,EnvCan,
cxtp,Terra Nova Nat. Park CS,48.5569,-53.9744,106.7,atlantic,EnvCan,
cxwt,Winterland,47.1364,-55.3275,29,atlantic,EnvCan,
cxzv,Sept-Îles,50.2167,-66.25,52,quebec,EnvCan,Côte-Nord
cybg,Bagotville,48.3331,-71,159,quebec,EnvCan,Saguenay-Lac-Saint-Jean
cybx,Blanc-Sablon,51.45,-57.1831,30,atlantic,EnvCan,
cycx,Gagetown A,45.833,-66.433,50.6,atlantic,EnvCan,
cydf,Deer Lake,49.2167,-57.4,21.9,atlantic,EnvCan,
cygp,Gaspé A,48.7761,-64.4781,35,quebec,EnvCan,Gaspésie-Iles-de-la-Madeleine
cyhu,Saint-Hubert,45.5161,-73.4161,25,quebec,EnvCan,Montérégie Est
cymh,Mary's Harbor TN,52.3036,-55.8336,10.6,atlantic,EnvCan,
cymx,Mirabel,45.6661,-74.0331,82,quebec,EnvCan,Laurentides
cynd,Gatineau A,45.5167,-75.5667,59,quebec,EnvCan,Outaouais
cynm,Matagami A,49.7656,-77.805,280,quebec,EnvCan,Nord-du-Québec
cyoy,Valcartier A,46.9003,-71.5033,169,quebec,EnvCan,Capitale-Nationale
cypd,Aéroport de Port Hawkesbury,45.6567,-61.3681,114.9,atlantic,EnvCan,
cyqb,Québec A,46.788861,-71.383806,70,quebec,EnvCan,Capitale-Nationale
cyqm,Moncton,46.1039,-64.6877,70.7,atlantic,EnvCan,
cyrj,Roberval,48.5161,-72.2661,174,quebec,EnvCan,Saguenay-Lac-Saint-Jean
cysc,Sherbrooke,45.4331,-71.6831,240,quebec,EnvCan,Estrie
cysj,Saint John A,45.3181,-65.8856,108.8,atlantic,EnvCan,
cyuy,Rouyn A,48.245,-79.0342,302,quebec,EnvCan,Abitibi-Témiscamingue
cywk,Wabush TN,52.9167,-66.8694,551.4,atlantic,EnvCan,
cyyg,Charlottetown A,46.2886,-63.1286,46,atlantic,EnvCan,
cyyr,Goose Bay TN,53.3167,-60.4167,48.8,atlantic,EnvCan,
cyzv,Sept-Îles,50.2161,-66.2661,50,quebec,EnvCan,Côte-Nord
cyzx,BFC Greenwood,44.9833,-64.9167,28,atlantic,EnvCan,
czbf,Bathurst,47.6292,-65.7389,58.8,atlantic,EnvCan,
czcr,Charlo,47.99,-66.33416667,42,atlantic,EnvCan,
czdb,Debert,45.4167,-63.4667,37.5,atlantic,EnvCan,
czsp,St-Peters,46.4503,-62.5758,30,atlantic,EnvCan,
czum,Churchill Falls,53.5619,-64.1064,439.5,atlantic,EnvCan,
danm,Danforth ME,45.6667,-67.8667,116,atlantic,US-MADIS,
ding,Dingee Brook,46.9811,-67.1275,410,atlantic,MRNF-NB,
dung,Dungarvon,46.717,-66.3067,172,atlantic,MRNF-NB,
eglm,Eagle Lake ME,47.042,-68.595,202,atlantic,US-MADIS,
epom,Eastport ME,44.9139,-67.0098,14,atlantic,US-MADIS,
fd30,Fabien Daigle,47.00799942,-67.65540314,195,atlantic,NBP,
flor,Florenceville,46.445,-67.64,136,atlantic,MRNF-NB,
fm10,Frank Monteith,46.89220047,-67.69599915,91,atlantic,NBP,
foxm,Foxbrook ME,46.8058,-68.8394,268,atlantic,US-MADIS,
ga27,Gailen Allan,46.49610138,-67.42099762,0,atlantic,NBP,
gs26,Gaylen Sullivan,46.82329941,-67.77449799,205,atlantic,NBP,
heat,Heath Steele,47.3036,-66.0356,326,atlantic,MRNF-NB,
horn,Hornes Gulch,47.833,-67.91,370,atlantic,MRNF-NB,
ip01,Oleary,46.73899841,-64.16480255,21,atlantic,IPE,
ip02,Kensington,46.43650055,-63.62680054,55,atlantic,IPE,
ip04,Souris,46.42380142,-62.26190186,58,atlantic,IPE,
ip05,Dover,46.02050018,-62.63999939,31,atlantic,IPE,
ip06,Tyne Valley,46.59859848,-63.97819901,24,atlantic,IPE,
ip07,Tryon,46.25270081,-63.57630157,31,atlantic,IPE,
ip08,Johnston's River,46.2594986,-63.00310135,2,atlantic,IPE,
ip09,New Glasgow,46.41529846,-63.32569885,33,atlantic,IPE,
ip10,Harrington-2,46.34400177,-63.1554985,48,atlantic,IPE,
jm04,Jean-Marie Pelletier,47.06560135,-67.603302,248,atlantic,NBP,
jonm,Jonesboro ME,44.6438,-67.6465,61,atlantic,US-MADIS,
k40b,Clayton Lake ME,46.6167,-69.5333,314,atlantic,US-NOAA,
kago,Kagout Brook,47.2342,-66.5711,650,atlantic,MRNF-NB,
kcar,Caribou ME,46.8683,-68.0197,191,atlantic,US-NOAA,
kf25,Kevin Floyd,46.3030014,-67.75299835,0,atlantic,NBP,
kfve,Frenchville ME,47.285,-68.3072,301,atlantic,US-NOAA,
kg28,Ken Graham,46.38380051,-67.74169922,76,atlantic,NBP,
khul,Houlton Intl Apt ME,46.1231,-67.7919,149,atlantic,US-NOAA,
kmlt,Millinocket ME,45.6478,-68.6919,124,atlantic,US-NOAA,
kncm,Knowles Corner ME,46.2079,-68.3144,335,atlantic,US-MADIS,
kpqi,Presque Isle ME,46.6833,-68.05,163,atlantic,US-NOAA,
ks41,Sullivan3,46.82305527,-67.77444458,206,atlantic,NBP,
lunt,Lunts Brook,47.5075,-68.2139,318,atlantic,MRNF-NB,
mcra,McRae Lake,47.6852,-66.2436,404,atlantic,MRNF-NB,
mead,Meadow Brook,46.4483,-65.8033,199,atlantic,MRNF-NB,
mg06,Mike Givskud,46.99980164,-67.64620209,0,atlantic,NBP,
mull,Mulligan Gulch,47.5933,-66.6386,432,atlantic,MRNF-NB,
qfnv,Napierville,45.160906,-73.384642,86,quebec,FADQ
nm36,Randy McLean,46.11569977,-67.65499878,108,atlantic,NBP,
oxbm,Oxbow ME,46.423,-68.553,213,atlantic,US-MADIS,
patm,Patten ME,46.0259,-68.4977,247,atlantic,US-MADIS,
pk29,Pirmin Kummer,46.11460114,-64.02269745,230,atlantic,NBP,
pnnm,Princeton ME,45.192,-67.559,65,atlantic,US-MADIS,
ps20,Peter Scott,46.0345993,-67.70140076,0,atlantic,NBP,
quar,Quarryville,46.825,-65.7717,50,atlantic,MRNF-NB,
rm22,Roger Mc Graw,47.67020035,-64.82949829,0,atlantic,NBP,
robi,Robinson Tower,47.6963,-67.1875,467,atlantic,MRNF-NB,
rp08,Ronnie Piper,46.49010086,-67.75209808,0,atlantic,NBP,
rs19,Robert Seeley,46.29510117,-67.52339935,0,atlantic,NBP,
qfsc,Saint-Célestin,46.232996,-72.375892,58,quebec,FADQ
qfse,Saint-Éphrem,46.036433,-70.871317,332,quebec,FADQ,Chaudière-Appalaches
cmkq,Saint-Godefroi,48.12464,-65.124406,122,quebec,FADQ,Gaspésie-Iles-de-la-Madeleine
stpl,St-Paul,46.36,-64.9733,76,atlantic,MRNF-NB,
talw,Alward,46.20000076,-65.44499969,123,atlantic,MRNF-NB,
tapo,Apohaqui,45.69670105,-65.58999634,140,atlantic,MRNF-NB,
tban,Bantalor,46.21829987,-66.42500305,165,atlantic,MRNF-NB,
tgra,Grafton,45.080517,-64.67255,11,atlantic,SM,
tk21,Kavanaugh,46.979599,-67.73729706,0,atlantic,NBP,
tmor,Morristown,44.989781,-64.754255,130,atlantic,SM,
tnor,North Medford,45.18845,-64.380633,26,atlantic,SM,
tsac,Saint-André Leclerc,47.1309,-67.78105,245,atlantic,SM,
tsar,Saint-André Route 255,47.1105,-67.7577667,251,atlantic,SM,
tsav,Saint-André Lévesque,47.08663333,-67.75058333,225,atlantic,SM,
w201,Wicklow 2,46.48460007,-67.58540344,84,atlantic,NBP,
wa31,Wayne Albright,46.22200012,-67.59200287,0,atlantic,NBP,
ww05,Wicklow Wireless,46.4856987,-67.58540344,86,atlantic,NBP,
ww07,WW07,46.29999924,-67.40000153,87,atlantic,NBP,
nthp,North Point,47.0581,-63.9986,8,atlantic,PEI,
7050388,Auclair,47.7333335876,-68.7072219849,320,quebec,MDDELCC
7080452,Barrage Angliers,47.552028656,-79.2356262207,265,quebec,MDDELCC
7090580,Bell,48.4324989319,-77.19972229,305,quebec,MDDELCC
7011190,Catherine,46.8369445801,-71.6227798462,130,quebec,MDDELCC
7011307,Charette,46.4411125183,-72.8927764893,116,quebec,MDDELCC
7051942,Côte-Ouimet,48.2941665649,-68.113609314,423,quebec,MDDELCC,
7051970,Dépot John,48.6347503662,-67.2701416016,92,quebec,MDDELCC
7022010,Ditton,45.3738899231,-71.25,480,quebec,MDDELCC
7032362,Faustin,46.0349998474,-74.4808349609,411,quebec,MDDELCC
7042557,François,47.0147209167,-70.864440918,61,quebec,MDDELCC
7023130,Hilaire,45.82472229,-70.8558349609,511,quebec,MDDELCC
7034085,La Pêche MDDEFP,45.6222229004,-76.0177764893,206,quebec,MDDELCC
7054626,Marguerite,48.317779541,-67.0683364868,472,quebec,MDDELCC
7035334,Mont St-Michel,46.768611908,-75.4319458008,260,quebec,MDDELCC
7055405,Notre-Dame-du-Rosaire,46.8508338928,-70.4527740479,419,quebec,MDDELCC
7065900,Pemonca,48.8097229004,-72.7388916016,260,quebec,MDDELCC
7027736,Saint-Simon,45.7158317566,-72.8402786255,40,quebec,MDDELCC
7028B81,Standstead-EST,45.0500335693,-72.0648117065,381,quebec,MDDELCC
7028284,Stukely,45.3658332825,-72.2649993896,358,quebec,MDDELCC
7028284,Stukely,45.3658332825,-72.2649993896,358,quebec,MDDELCC
7028502,Tingwick,45.9075012207,-71.9491653442,262,quebec,MDDELCC
7029230,Zéphirin,46.0424995422,-72.6600036621,45,quebec,MDDELCC
YamaskaNord,Yamaska Nord,47.995,-72.923,7,quebec,MDDELCC
7020M48,Barrage Jules-Allard,45.9509162903,-71.274055481,290,quebec,MDDELCC
7050455,Barrage Morin,47.649723053,-69.5097198486,192,quebec,MDDELCC
7020572,Bécancour (Aréna),46.3499984741,-72.4333343506,18,quebec,MDDELCC
cmtd,Sainte-Jeanne-d'Arc,48.837317,-72.0566,114,quebec,FADQ,Saguenay-Lac-Saint-Jean
cmwu,Cloutier,48.016167,-79.13505,273,quebec,FADQ,Abitibi-Témiscamingue
cgcl,Causapscal,48.3,-67.25,123,quebec,EnvCan,
cmus,Lac Mégantic,45.6,-70.8833,460,quebec,EnvCan,
71581,Algonquin Park,45.53,-78.27,397,ontario,EnvCan,
71294,Bancroft,45.07,-77.87,331,ontario,EnvCan,
71314,Barrie-oro,44.48,-79.55,289,ontario,EnvCan,
71694,Beatrice Climate,45.13,-79.4,297,ontario,EnvCan,
71161,Brockville Climate,44.63,-75.73,121,ontario,EnvCan,
71431,Cobourg (AUT),43.95,-78.17,78,ontario,EnvCan,
71270,Collingwood,44.5,-80.22,180,ontario,EnvCan,
71465,Erieau,42.25,-81.9,178,ontario,EnvCan,
71261,Goderich,43.77,-81.72,214,ontario,EnvCan,
71297,Hamilton_Rbg_Cs,43.28,-79.9,102,ontario,EnvCan,
71300,Kemptville,45,-75.63,99,ontario,EnvCan,
71460,Killarney,45.97,-81.48,196,ontario,EnvCan,
71820,Kingston Climate,44.22,-76.58,93,ontario,EnvCan,
71631,Mount Forest (AUT),43.98,-80.75,415,ontario,EnvCan,
71731,North Bay,46.35,-79.42,370,ontario,EnvCan,
71063,Ottawa Cda,45.38,-75.72,79,ontario,EnvCan,
71672,Peterborough Trent U,44.35,-78.3,217,ontario,EnvCan,
71430,Point Petre,43.83,-77.15,79,ontario,EnvCan,
71746,Sarnia,43,-82.3,181,ontario,EnvCan,
71193,Timmins Climate,48.55,-81.38,294,ontario,EnvCan,
71767,Tobermory_Rcs,45.23,-81.63,214,ontario,EnvCan,
71171,Vineland Station RCS,43.18,-79.4,79,ontario,EnvCan,
71752,Welland-Pelham,42.97,-79.33,180,ontario,EnvCan,
cyzr,Aeroport Chris Hadfield de Sarnia,43,-82.31667,181,ontario,EnvCan,
cyat,Attawapiskat Airport,52.9275,-82.4319,9,ontario,EnvCan,
cybn,BFC Borden,44.25,-79.91667,223,ontario,EnvCan,
cytr,BFC Trenton,44.11667,-77.53333,85,ontario,EnvCan,
cwwb,Burlington Piers (aut),43.3,-79.8,77,ontario,EnvCan,
cxca,Cameron Falls (aut),49.15,-88.35,233,ontario,EnvCan,
Earlton,Earlton,47.68,-79.83,243,ontario,EnvCan,
cyxr,Earlton,47.69745,-79.85332,244,ontario,EnvCan,
czel,Elora Rcs,43.65,-80.42,376,ontario,EnvCan,
ctag,Fort_Frances_Rcs,48.65111,-93.43889,342,ontario,EnvCan,
cxdi,Delhi Cs,42.8667,-80.55,232,ontario,EnvCan,
cyze,Gore Bay Climate,45.88333,-82.56667,193,ontario,EnvCan,
ctgt,Guelph Turfgrass,43.55,-80.21667,330,ontario,EnvCan,
cxha,Harrow_Cda_Auto,42.03,-82.9,191,ontario,EnvCan,
cygk,Kingston,44.21667,-76.6,93,ontario,EnvCan,
cwgl,Lagoon City,44.53333,-79.21667,221,ontario,EnvCan,
cwsn,London_Cs,43.03,-81.15,278,ontario,EnvCan,
cxpc,Parry_Sound_Ccg,45.35,-80.05,176,ontario,EnvCan,
ctpm,Pembroke,45.86028,-77.25222,155,ontario,EnvCan,
cxpt,Point_Pelee_Cs,41.95,-82.52,177,ontario,EnvCan,
cwwz,Port Weller,43.25,-79.21667,79,ontario,EnvCan,
cxrg,Ridgetown_Rcs,42.45,-81.88,206,ontario,EnvCan,
cwnb,Southeast Shoal (aut),41.83333,-82.46667,195,ontario,EnvCan,
cysb,Sudbury,46.61667,-80.8,348,ontario,EnvCan,
cyts,Timmins,48.56667,-81.36667,295,ontario,EnvCan,
ctux,Uxbridge,44.09833,-79.16362,315,ontario,EnvCan,
cxvn,Vineland_Station_Rcs,43.18,-79.4,79,ontario,EnvCan,
cykf,Waterloo Well,43.46667,-80.38333,317,ontario,EnvCan,
cyxz,Wawa,47.96667,-84.78333,287,ontario,EnvCan,
cwec,Welcome Island,48.36667,-89.11667,209,ontario,EnvCan,
ctwl,Welland-pelham,42.96667,-79.33333,175,ontario,EnvCan,
cwmz,Western Island Meteorological Aeronautical Presentation System,45.03333,-80.36667,191,ontario,EnvCan,
cyvv,Aeroport_de_Wiarton,44.75,-81.1,222,ontario,EnvCan,
cyqg,Aeroport_de_Windsor,42.26667,-82.96667,190,ontario,EnvCan,
cyyz,Aeroport_int._Pearson_de_Toronto,43.66667,-79.63333,173,ontario,EnvCan,
cysn,Aeroport_de_St._Catharines,43.2,-79.16667,98,ontario,EnvCan,
cyam,Aeroport_de_Sault_Ste._Marie,46.48333,-84.5,187,ontario,EnvCan,
cxto,Toronto_City,43.67,-79.4,113,ontario,EnvCan,
cykz,Aeroport_municipal_de_Toronto_Buttonville,43.86667,-79.36667,198,ontario,EnvCan,
cypq,Aeroport municipal de Peterborough,44.23333,-78.36667,191,ontario,EnvCan,
cztb,Aeroport_de_Thunder_Bay,48.3667,-89.3167,199,ontario,EnvCan,
cyze,Aeroport_de_Gore_Bay-Manitoulin,45.88333,-82.56667,193,ontario,EnvCan,
cyqa,Aeroport_de_Muskoka,44.96667,-79.3,280,ontario,EnvCan,
cwsn,Aeroport_int._de_London,43.03,-81.15,278,ontario,EnvCan,
cyoo,Aeroport_municipal_d'Oshawa,43.92216,-78.89527,138,ontario,EnvCan,
cyhd,Aeroport_de_Dryden,49.83333,-92.75,413,ontario,EnvCan,
cyhm,Aeroport_int._Munro_de_Hamilton,43.16667,-79.93333,237,ontario,EnvCan,
cwnc,Cobourg_(aut),43.95,-78.16667,78,ontario,EnvCan,
cxet,Egbert Cs,44.23,-79.78,251,ontario,EnvCan,
cxoa,Ottawa Cda Rcs,45.38,-75.72,79,ontario,EnvCan,
cwls,Mount_Forest_(aut),43.98333,-80.75,415,ontario,EnvCan,
cyyb,North-Bay,46.35,-79.43333,358,ontario,EnvCan,
cmgz,Grandes-Bergeronnes,48.266667,-69.533333,59,quebec,EnvCan,
qflm,Lac Matapedia,48.509365,-67.441902,184,quebec,FADQ,
qflp,La Patrie,45.405163,-71.23093,388,quebec,FADQ
cmzc,Mont-Laurier_F,46.52355,-75.490133,221,quebec,FADQ
cwoc,New Carlisle,48.017,-65.333,46,quebec,EnvCan,
cmjn,New Richmond_East,48.15,-65.8333,2,quebec,EnvCan,
qfpo,Potton,45.045951,-72.403337,185,quebec,EnvCan,
qfsg,Saint-Gedeon de Grandmont,48.505177,-71.742467,121,quebec,EnvCan,
Kuu2,Kuujjuarapik,55.3694,-77.6289,31,722,quebec,SOPFEU
